{
    "metrics": {
        "checks": {
            "passes": 5500,
            "fails": 0,
            "value": 1
        },
        "http_req_connecting": {
            "p(90)": 0,
            "p(95)": 0,
            "avg": 0.006004386956521737,
            "min": 0,
            "med": 0,
            "max": 5.225707
        },
        "iterations": {
            "count": 620,
            "rate": 1.512182232209455
        },
        "http_req_failed{scenario:main_test}": {
            "passes": 0,
            "fails": 7000,
            "thresholds": {
                "rate<0.01": false
            },
            "value": 0
        },
        "vus": {
            "value": 250,
            "min": 16,
            "max": 250
        },
        "iteration_duration": {
            "p(95)": 136442.20310265,
            "avg": 110640.4337464855,
            "min": 3040.303293,
            "med": 136228.88147850003,
            "max": 136587.189309,
            "p(90)": 136399.2365952
        },
        "data_sent": {
            "count": 11566584,
            "rate": 28210.940019609945
        },
        "data_received": {
            "count": 76415232,
            "rate": 186377.02596865062
        },
        "vus_max": {
            "value": 250,
            "min": 250,
            "max": 250
        },
        "http_req_tls_handshaking": {
            "avg": 0,
            "min": 0,
            "med": 0,
            "max": 0,
            "p(90)": 0,
            "p(95)": 0
        },
        "jwt_renewals": {
            "count": 1250,
            "rate": 3.0487545004222882
        },
        "http_req_duration{expected_response:true}": {
            "p(95)": 93.21466904999993,
            "avg": 37.34325364918472,
            "min": 1.968902,
            "med": 13.273404,
            "max": 2566.03213,
            "p(90)": 74.82909760000004
        },
        "http_req_duration": {
            "p(90)": 74.82909760000004,
            "p(95)": 93.21466904999993,
            "avg": 37.34325364918472,
            "min": 1.968902,
            "med": 13.273404,
            "max": 2566.03213
        },
        "http_req_sending": {
            "avg": 0.024516239130434735,
            "min": 0.007114,
            "med": 0.021169,
            "max": 1.330441,
            "p(90)": 0.035367,
            "p(95)": 0.04788254999999995
        },
        "http_req_waiting": {
            "avg": 35.513011339130365,
            "min": 1.893842,
            "med": 12.242467,
            "max": 2528.28158,
            "p(90)": 66.26338770000014,
            "p(95)": 90.50631459999995
        },
        "cart_operations": {
            "count": 2000,
            "rate": 4.878007200675661
        },
        "http_reqs": {
            "count": 7360,
            "rate": 17.951066498486433
        },
        "http_req_blocked": {
            "avg": 0.01200019633152167,
            "min": 0.001142,
            "med": 0.003076,
            "max": 5.287202,
            "p(90)": 0.0047181,
            "p(95)": 0.006141549999999992
        },
        "jwt_renewal_successes": {
            "count": 500,
            "rate": 1.2195018001689153
        },
        "http_req_receiving": {
            "min": 0.02696,
            "med": 0.36509499999999995,
            "max": 83.629559,
            "p(90)": 1.2611353000000003,
            "p(95)": 2.5743472499999998,
            "avg": 1.8057260709239165
        },
        "http_req_failed": {
            "passes": 0,
            "fails": 7360,
            "value": 0
        },
        "http_req_duration{scenario:main_test}": {
            "min": 1.968902,
            "med": 13.001761,
            "max": 236.307308,
            "p(90)": 62.80334110000006,
            "p(95)": 86.35736014999998,
            "avg": 25.109242120999987,
            "thresholds": {
                "p(95)<2000": false
            }
        }
    },
    "root_group": {
        "name": "",
        "path": "",
        "id": "d41d8cd98f00b204e9800998ecf8427e",
        "groups": {},
        "checks": {
                "initial visit successful": {
                    "name": "initial visit successful",
                    "path": "::initial visit successful",
                    "id": "aae5b334abe256117335360ddc91be63",
                    "passes": 750,
                    "fails": 0
                },
                "add item 1 successful": {
                    "path": "::add item 1 successful",
                    "id": "e82c5caecf714d1fe41058fb6812d665",
                    "passes": 750,
                    "fails": 0,
                    "name": "add item 1 successful"
                },
                "add item 2 successful": {
                    "name": "add item 2 successful",
                    "path": "::add item 2 successful",
                    "id": "3e4273f8f17ba64f58dd4f63c24cfe47",
                    "passes": 750,
                    "fails": 0
                },
                "view cart successful": {
                    "name": "view cart successful",
                    "path": "::view cart successful",
                    "id": "28ed33ec7e41187c0f7ef5afeb9326e5",
                    "passes": 750,
                    "fails": 0
                },
                "return to shopping successful": {
                    "name": "return to shopping successful",
                    "path": "::return to shopping successful",
                    "id": "e99bf39f1fd66e6fe4fa09ea346cfe76",
                    "passes": 500,
                    "fails": 0
                },
                "JWT renewed with different token": {
                    "id": "a0c7cb22e62bb19ce8f14e258ce44fe9",
                    "passes": 500,
                    "fails": 0,
                    "name": "JWT renewed with different token",
                    "path": "::JWT renewed with different token"
                },
                "add item 3 with new JWT successful": {
                    "name": "add item 3 with new JWT successful",
                    "path": "::add item 3 with new JWT successful",
                    "id": "04193f6c4337cc9baa8ba7804cae8cd1",
                    "passes": 500,
                    "fails": 0
                },
                "checkout successful": {
                    "path": "::checkout successful",
                    "id": "7d3ca2e9e4bd709c4f7f05f757dbd43b",
                    "passes": 500,
                    "fails": 0,
                    "name": "checkout successful"
                },
                "continue shopping successful": {
                    "name": "continue shopping successful",
                    "path": "::continue shopping successful",
                    "id": "77284ef4e0af6ed5a0438a6b71837f15",
                    "passes": 500,
                    "fails": 0
                }
            }
    }
}