{
    "metrics": {
        "data_received": {
            "rate": 296839.66179482115,
            "count": 70878949
        },
        "http_req_sending": {
            "max": 2.613988,
            "p(90)": 0.04185540000000001,
            "p(95)": 0.05425894999999996,
            "avg": 0.024576060441176547,
            "min": 0.002186,
            "med": 0.0174155
        },
        "vus_max": {
            "value": 400,
            "min": 400,
            "max": 400
        },
        "http_req_connecting": {
            "p(90)": 0,
            "p(95)": 0.08753564999999991,
            "avg": 0.012481647794117638,
            "min": 0,
            "med": 0,
            "max": 24.058699
        },
        "data_sent": {
            "count": 10699892,
            "rate": 44810.93988175689
        },
        "vus": {
            "value": 400,
            "min": 10,
            "max": 400
        },
        "http_reqs": {
            "rate": 28.478267929802172,
            "count": 6800
        },
        "http_req_tls_handshaking": {
            "p(95)": 0,
            "avg": 0,
            "min": 0,
            "med": 0,
            "max": 0,
            "p(90)": 0
        },
        "http_req_failed": {
            "passes": 0,
            "fails": 6800,
            "thresholds": {
                "rate<0.05": false
            },
            "value": 0
        },
        "http_req_duration{expected_response:true}": {
            "avg": 339.9115694204411,
            "min": 0.102076,
            "med": 105.72454450000001,
            "max": 3431.044311,
            "p(90)": 900.6596797,
            "p(95)": 1101.1177263499999
        },
        "http_req_blocked": {
            "avg": 0.020062356470588204,
            "min": 0.000271,
            "med": 0.00351,
            "max": 24.122437,
            "p(90)": 0.006052700000000003,
            "p(95)": 0.1405661999999998
        },
        "request_size_bytes": {
            "avg": 0,
            "min": 0,
            "med": 0,
            "max": 0,
            "p(90)": 0,
            "p(95)": 0
        },
        "response_size_bytes": {
            "avg": 10493,
            "min": 10493,
            "med": 10493,
            "max": 10493,
            "p(90)": 10493,
            "p(95)": 10493
        },
        "http_req_receiving": {
            "max": 1171.408371,
            "p(90)": 1.1967051000000002,
            "p(95)": 89.67248299999994,
            "avg": 6.729726779705895,
            "min": -335.037656,
            "med": 0.083733
        },
        "jwt_renewals": {
            "count": 1200,
            "rate": 5.025576693494501
        },
        "cart_operations": {
            "count": 2000,
            "rate": 8.375961155824168
        },
        "iterations": {
            "count": 400,
            "rate": 1.6751922311648337
        },
        "jwt_renewal_successes": {
            "count": 400,
            "rate": 1.6751922311648337
        },
        "http_req_duration": {
            "max": 3431.044311,
            "p(90)": 900.6596797,
            "p(95)": 1101.1177263499999,
            "avg": 339.9115694204411,
            "min": 0.102076,
            "med": 105.72454450000001,
            "thresholds": {
                "p(95)<2000": false
            }
        },
        "checks": {
            "passes": 5200,
            "fails": 0,
            "value": 1
        },
        "iteration_duration": {
            "med": 139179.1720845,
            "max": 141147.984587,
            "p(90)": 140042.63555900002,
            "p(95)": 140268.19236749999,
            "avg": 138967.47052796005,
            "min": 136323.359379
        },
        "http_req_waiting": {
            "med": 105.07493249999999,
            "max": 3430.786736,
            "p(90)": 898.6681752,
            "p(95)": 1097.5358433499998,
            "avg": 333.15726658029456,
            "min": 0
        }
    },
    "root_group": {
        "id": "d41d8cd98f00b204e9800998ecf8427e",
        "groups": {},
        "checks": {
                "initial visit successful": {
                    "name": "initial visit successful",
                    "path": "::initial visit successful",
                    "id": "aae5b334abe256117335360ddc91be63",
                    "passes": 800,
                    "fails": 0
                },
                "add item 1 successful": {
                    "name": "add item 1 successful",
                    "path": "::add item 1 successful",
                    "id": "e82c5caecf714d1fe41058fb6812d665",
                    "passes": 800,
                    "fails": 0
                },
                "add item 2 successful": {
                    "path": "::add item 2 successful",
                    "id": "3e4273f8f17ba64f58dd4f63c24cfe47",
                    "passes": 800,
                    "fails": 0,
                    "name": "add item 2 successful"
                },
                "view cart successful": {
                    "name": "view cart successful",
                    "path": "::view cart successful",
                    "id": "28ed33ec7e41187c0f7ef5afeb9326e5",
                    "passes": 800,
                    "fails": 0
                },
                "return to shopping successful": {
                    "name": "return to shopping successful",
                    "path": "::return to shopping successful",
                    "id": "e99bf39f1fd66e6fe4fa09ea346cfe76",
                    "passes": 400,
                    "fails": 0
                },
                "JWT renewed with different token": {
                    "name": "JWT renewed with different token",
                    "path": "::JWT renewed with different token",
                    "id": "a0c7cb22e62bb19ce8f14e258ce44fe9",
                    "passes": 400,
                    "fails": 0
                },
                "add item 3 with new JWT successful": {
                    "name": "add item 3 with new JWT successful",
                    "path": "::add item 3 with new JWT successful",
                    "id": "04193f6c4337cc9baa8ba7804cae8cd1",
                    "passes": 400,
                    "fails": 0
                },
                "checkout successful": {
                    "name": "checkout successful",
                    "path": "::checkout successful",
                    "id": "7d3ca2e9e4bd709c4f7f05f757dbd43b",
                    "passes": 400,
                    "fails": 0
                },
                "continue shopping successful": {
                    "name": "continue shopping successful",
                    "path": "::continue shopping successful",
                    "id": "77284ef4e0af6ed5a0438a6b71837f15",
                    "passes": 400,
                    "fails": 0
                }
            },
        "name": "",
        "path": ""
    }
}