{
    "metrics": {
        "checks": {
            "passes": 5228,
            "fails": 0,
            "value": 1
        },
        "iterations": {
            "rate": 1.3960624936843125,
            "count": 400
        },
        "http_req_blocked": {
            "avg": 0.02802828705606126,
            "min": 0.000266,
            "med": 0.003567,
            "max": 86.78498,
            "p(90)": 0.0058628,
            "p(95)": 0.13913935000000002
        },
        "response_size_bytes": {
            "min": 10493,
            "med": 10493,
            "max": 10493,
            "p(90)": 10493,
            "p(95)": 10493,
            "avg": 10493
        },
        "data_received": {
            "count": 70990352,
            "rate": 247767.4196016178
        },
        "http_req_sending": {
            "p(90)": 0.040753199999999996,
            "p(95)": 0.051524999999999876,
            "avg": 0.025573501467566706,
            "min": 0.002034,
            "med": 0.0202515,
            "max": 6.598303
        },
        "vus": {
            "min": 7,
            "max": 400,
            "value": 400
        },
        "http_req_failed": {
            "passes": 0,
            "fails": 6814,
            "thresholds": {
                "rate<0.05": false
            },
            "value": 0
        },
        "cart_operations": {
            "rate": 6.9803124684215625,
            "count": 2000
        },
        "jwt_renewal_successes": {
            "rate": 1.4449246809632634,
            "count": 414
        },
        "iteration_duration": {
            "max": 138181.569505,
            "p(90)": 137310.8022388,
            "p(95)": 137592.81366555,
            "avg": 136954.69702375238,
            "min": 136360.826106,
            "med": 136893.220601
        },
        "http_req_duration{expected_response:true}": {
            "p(95)": 297.18516989999995,
            "avg": 100.59562731684794,
            "min": 0.057257,
            "med": 84.81560350000001,
            "max": 2310.508982,
            "p(90)": 209.4627185
        },
        "http_req_tls_handshaking": {
            "avg": 0,
            "min": 0,
            "med": 0,
            "max": 0,
            "p(90)": 0,
            "p(95)": 0
        },
        "http_req_receiving": {
            "max": 99.025338,
            "p(90)": 0.32233929999999994,
            "p(95)": 0.6547262999999998,
            "avg": 1.0767632901379527,
            "min": 0.009411,
            "med": 0.0829285
        },
        "http_req_waiting": {
            "avg": 99.49329052524197,
            "min": 0,
            "med": 84.4692135,
            "max": 2310.360979,
            "p(90)": 208.22995269999998,
            "p(95)": 296.5226550499999
        },
        "data_sent": {
            "rate": 37399.89993830551,
            "count": 10715824
        },
        "vus_max": {
            "min": 400,
            "max": 400,
            "value": 400
        },
        "http_req_duration": {
            "max": 2310.508982,
            "p(90)": 209.4627185,
            "p(95)": 297.18516989999995,
            "avg": 100.59562731684794,
            "min": 0.057257,
            "med": 84.81560350000001,
            "thresholds": {
                "p(95)<2000": false
            }
        },
        "http_reqs": {
            "count": 6814,
            "rate": 23.781924579912264
        },
        "http_req_connecting": {
            "min": 0,
            "med": 0,
            "max": 86.58807,
            "p(90)": 0,
            "p(95)": 0.0859424499999994,
            "avg": 0.02076244614029939
        },
        "jwt_renewals": {
            "count": 1214,
            "rate": 4.237049668331888
        },
        "request_size_bytes": {
            "p(90)": 0,
            "p(95)": 0,
            "avg": 0,
            "min": 0,
            "med": 0,
            "max": 0
        }
    },
    "root_group": {
        "name": "",
        "path": "",
        "id": "d41d8cd98f00b204e9800998ecf8427e",
        "groups": {},
        "checks": {
                "initial visit successful": {
                    "name": "initial visit successful",
                    "path": "::initial visit successful",
                    "id": "aae5b334abe256117335360ddc91be63",
                    "passes": 800,
                    "fails": 0
                },
                "add item 1 successful": {
                    "name": "add item 1 successful",
                    "path": "::add item 1 successful",
                    "id": "e82c5caecf714d1fe41058fb6812d665",
                    "passes": 800,
                    "fails": 0
                },
                "add item 2 successful": {
                    "name": "add item 2 successful",
                    "path": "::add item 2 successful",
                    "id": "3e4273f8f17ba64f58dd4f63c24cfe47",
                    "passes": 800,
                    "fails": 0
                },
                "view cart successful": {
                    "passes": 800,
                    "fails": 0,
                    "name": "view cart successful",
                    "path": "::view cart successful",
                    "id": "28ed33ec7e41187c0f7ef5afeb9326e5"
                },
                "return to shopping successful": {
                    "id": "e99bf39f1fd66e6fe4fa09ea346cfe76",
                    "passes": 414,
                    "fails": 0,
                    "name": "return to shopping successful",
                    "path": "::return to shopping successful"
                },
                "JWT renewed with different token": {
                    "id": "a0c7cb22e62bb19ce8f14e258ce44fe9",
                    "passes": 414,
                    "fails": 0,
                    "name": "JWT renewed with different token",
                    "path": "::JWT renewed with different token"
                },
                "add item 3 with new JWT successful": {
                    "passes": 400,
                    "fails": 0,
                    "name": "add item 3 with new JWT successful",
                    "path": "::add item 3 with new JWT successful",
                    "id": "04193f6c4337cc9baa8ba7804cae8cd1"
                },
                "checkout successful": {
                    "id": "7d3ca2e9e4bd709c4f7f05f757dbd43b",
                    "passes": 400,
                    "fails": 0,
                    "name": "checkout successful",
                    "path": "::checkout successful"
                },
                "continue shopping successful": {
                    "name": "continue shopping successful",
                    "path": "::continue shopping successful",
                    "id": "77284ef4e0af6ed5a0438a6b71837f15",
                    "passes": 400,
                    "fails": 0
                }
            }
    }
}