{
    "metrics": {
        "http_reqs": {
            "rate": 26.977010286393174,
            "count": 11200
        },
        "http_req_receiving": {
            "med": 0.08043449999999999,
            "max": 293.97728,
            "p(90)": 0.48428700000000025,
            "p(95)": 1.0193738499999991,
            "avg": 2.038807616875004,
            "min": 0.009322
        },
        "vus": {
            "value": 400,
            "min": 7,
            "max": 400
        },
        "http_req_waiting": {
            "p(95)": 483.75731844999984,
            "avg": 155.8809683960717,
            "min": 2.206243,
            "med": 94.43693400000001,
            "max": 3136.727289,
            "p(90)": 361.25323640000005
        },
        "vus_max": {
            "value": 400,
            "min": 400,
            "max": 400
        },
        "jwt_renewals": {
            "count": 2000,
            "rate": 4.817323265427352
        },
        "data_sent": {
            "rate": 42985.41869114868,
            "count": 17846184
        },
        "jwt_renewal_successes": {
            "count": 800,
            "rate": 1.926929306170941
        },
        "http_req_connecting": {
            "med": 0,
            "max": 60.563817,
            "p(90)": 0,
            "p(95)": 0,
            "avg": 0.010554429017857152,
            "min": 0
        },
        "cart_operations": {
            "count": 3200,
            "rate": 7.707717224683764
        },
        "http_req_duration": {
            "p(90)": 381.0475827,
            "p(95)": 488.99329984999997,
            "avg": 157.9460583866972,
            "min": 2.26436,
            "med": 94.7319,
            "max": 3136.781527,
            "thresholds": {
                "p(95)<2000": false
            }
        },
        "request_size_bytes": {
            "med": 0,
            "max": 0,
            "p(90)": 0,
            "p(95)": 0,
            "avg": 0,
            "min": 0
        },
        "http_req_tls_handshaking": {
            "avg": 0,
            "min": 0,
            "med": 0,
            "max": 0,
            "p(90)": 0,
            "p(95)": 0
        },
        "http_req_sending": {
            "max": 9.805016,
            "p(90)": 0.0383362,
            "p(95)": 0.05009984999999996,
            "avg": 0.026282373750000032,
            "min": 0.002188,
            "med": 0.0170435
        },
        "checks": {
            "passes": 8800,
            "fails": 0,
            "value": 1
        },
        "response_size_bytes": {
            "avg": 10493,
            "min": 10493,
            "med": 10493,
            "max": 10493,
            "p(90)": 10493,
            "p(95)": 10493
        },
        "data_received": {
            "count": 116798410,
            "rate": 281327.8489289614
        },
        "iterations": {
            "count": 800,
            "rate": 1.926929306170941
        },
        "http_req_failed": {
            "passes": 0,
            "fails": 11200,
            "thresholds": {
                "rate==0": false
            },
            "value": 0
        },
        "http_req_blocked": {
            "p(90)": 0.0053772,
            "p(95)": 0.008134649999999976,
            "avg": 0.019222161428571357,
            "min": 0.000262,
            "med": 0.00342,
            "max": 60.631143
        },
        "iteration_duration": {
            "avg": 137659.4841043425,
            "min": 136154.814406,
            "med": 137611.1820065,
            "max": 139984.079842,
            "p(90)": 138618.3955291,
            "p(95)": 139026.99734940002
        },
        "http_req_duration{expected_response:true}": {
            "max": 3136.781527,
            "p(90)": 381.0475827,
            "p(95)": 488.99329984999997,
            "avg": 157.9460583866972,
            "min": 2.26436,
            "med": 94.7319
        }
    },
    "root_group": {
        "checks": {
            "initial visit successful": {
                "path": "::initial visit successful",
                "id": "aae5b334abe256117335360ddc91be63",
                "passes": 1200,
                "fails": 0,
                "name": "initial visit successful"
            },
            "add item 1 successful": {
                "id": "e82c5caecf714d1fe41058fb6812d665",
                "passes": 1200,
                "fails": 0,
                "name": "add item 1 successful",
                "path": "::add item 1 successful"
            },
            "add item 2 successful": {
                "name": "add item 2 successful",
                "path": "::add item 2 successful",
                "id": "3e4273f8f17ba64f58dd4f63c24cfe47",
                "passes": 1200,
                "fails": 0
            },
            "view cart successful": {
                "name": "view cart successful",
                "path": "::view cart successful",
                "id": "28ed33ec7e41187c0f7ef5afeb9326e5",
                "passes": 1200,
                "fails": 0
            },
            "return to shopping successful": {
                "path": "::return to shopping successful",
                "id": "e99bf39f1fd66e6fe4fa09ea346cfe76",
                "passes": 800,
                "fails": 0,
                "name": "return to shopping successful"
            },
            "JWT renewed with different token": {
                "name": "JWT renewed with different token",
                "path": "::JWT renewed with different token",
                "id": "a0c7cb22e62bb19ce8f14e258ce44fe9",
                "passes": 800,
                "fails": 0
            },
            "add item 3 with new JWT successful": {
                "name": "add item 3 with new JWT successful",
                "path": "::add item 3 with new JWT successful",
                "id": "04193f6c4337cc9baa8ba7804cae8cd1",
                "passes": 800,
                "fails": 0
            },
            "checkout successful": {
                "name": "checkout successful",
                "path": "::checkout successful",
                "id": "7d3ca2e9e4bd709c4f7f05f757dbd43b",
                "passes": 800,
                "fails": 0
            },
            "continue shopping successful": {
                "name": "continue shopping successful",
                "path": "::continue shopping successful",
                "id": "77284ef4e0af6ed5a0438a6b71837f15",
                "passes": 800,
                "fails": 0
            }
        },
        "name": "",
        "path": "",
        "id": "d41d8cd98f00b204e9800998ecf8427e",
        "groups": {}
    }
}