{
    "metrics": {
        "data_received": {
            "count": 116796692,
            "rate": 281137.98355760286
        },
        "http_req_tls_handshaking": {
            "max": 0,
            "p(90)": 0,
            "p(95)": 0,
            "avg": 0,
            "min": 0,
            "med": 0
        },
        "cart_operations": {
            "rate": 7.702628661643337,
            "count": 3200
        },
        "http_req_receiving": {
            "med": 0.080738,
            "max": 1403.946936,
            "p(90)": 0.37537000000000026,
            "p(95)": 0.7290062499999966,
            "avg": 1.646801668214273,
            "min": 0.009289
        },
        "request_size_bytes": {
            "min": 0,
            "med": 0,
            "max": 0,
            "p(90)": 0,
            "p(95)": 0,
            "avg": 0
        },
        "http_req_failed": {
            "passes": 0,
            "fails": 11200,
            "thresholds": {
                "rate==0": false
            },
            "value": 0
        },
        "http_req_waiting": {
            "max": 2423.666597,
            "p(90)": 275.5463364000001,
            "p(95)": 304.4317713,
            "avg": 104.98310650526786,
            "min": 2.240319,
            "med": 82.112347
        },
        "http_reqs": {
            "count": 11200,
            "rate": 26.95920031575168
        },
        "vus": {
            "value": 400,
            "min": 7,
            "max": 400
        },
        "iterations": {
            "rate": 1.9256571654108343,
            "count": 800
        },
        "checks": {
            "passes": 8800,
            "fails": 0,
            "value": 1
        },
        "iteration_duration": {
            "p(90)": 137998.5733424,
            "p(95)": 138436.06975785,
            "avg": 137176.63671781885,
            "min": 136114.340489,
            "med": 137080.235452,
            "max": 139999.365692
        },
        "http_req_sending": {
            "max": 0.693491,
            "p(90)": 0.03712970000000001,
            "p(95)": 0.047629349999999994,
            "avg": 0.021650284732142925,
            "min": 0.002187,
            "med": 0.016975999999999998
        },
        "vus_max": {
            "value": 400,
            "min": 400,
            "max": 400
        },
        "data_sent": {
            "count": 17846184,
            "rate": 42957.040118550234
        },
        "http_req_connecting": {
            "max": 69.614127,
            "p(90)": 0,
            "p(95)": 0,
            "avg": 0.01123131151785714,
            "min": 0,
            "med": 0
        },
        "http_req_duration{expected_response:true}": {
            "min": 2.330276,
            "med": 82.652345,
            "max": 2423.766013,
            "p(90)": 281.51938590000003,
            "p(95)": 306.27120099999996,
            "avg": 106.65155845821438
        },
        "http_req_blocked": {
            "avg": 0.01681931294642852,
            "min": 0.000249,
            "med": 0.003401,
            "max": 69.694812,
            "p(90)": 0.005159,
            "p(95)": 0.006942199999999997
        },
        "http_req_duration": {
            "avg": 106.65155845821438,
            "min": 2.330276,
            "med": 82.652345,
            "max": 2423.766013,
            "p(90)": 281.51938590000003,
            "p(95)": 306.27120099999996,
            "thresholds": {
                "p(95)<2000": false
            }
        },
        "response_size_bytes": {
            "avg": 10493,
            "min": 10493,
            "med": 10493,
            "max": 10493,
            "p(90)": 10493,
            "p(95)": 10493
        },
        "jwt_renewal_successes": {
            "count": 800,
            "rate": 1.9256571654108343
        },
        "jwt_renewals": {
            "count": 2000,
            "rate": 4.8141429135270855
        }
    },
    "root_group": {
        "checks": {
            "initial visit successful": {
                "name": "initial visit successful",
                "path": "::initial visit successful",
                "id": "aae5b334abe256117335360ddc91be63",
                "passes": 1200,
                "fails": 0
            },
            "add item 1 successful": {
                "id": "e82c5caecf714d1fe41058fb6812d665",
                "passes": 1200,
                "fails": 0,
                "name": "add item 1 successful",
                "path": "::add item 1 successful"
            },
            "add item 2 successful": {
                "path": "::add item 2 successful",
                "id": "3e4273f8f17ba64f58dd4f63c24cfe47",
                "passes": 1200,
                "fails": 0,
                "name": "add item 2 successful"
            },
            "view cart successful": {
                "id": "28ed33ec7e41187c0f7ef5afeb9326e5",
                "passes": 1200,
                "fails": 0,
                "name": "view cart successful",
                "path": "::view cart successful"
            },
            "return to shopping successful": {
                "path": "::return to shopping successful",
                "id": "e99bf39f1fd66e6fe4fa09ea346cfe76",
                "passes": 800,
                "fails": 0,
                "name": "return to shopping successful"
            },
            "JWT renewed with different token": {
                "fails": 0,
                "name": "JWT renewed with different token",
                "path": "::JWT renewed with different token",
                "id": "a0c7cb22e62bb19ce8f14e258ce44fe9",
                "passes": 800
            },
            "add item 3 with new JWT successful": {
                "name": "add item 3 with new JWT successful",
                "path": "::add item 3 with new JWT successful",
                "id": "04193f6c4337cc9baa8ba7804cae8cd1",
                "passes": 800,
                "fails": 0
            },
            "checkout successful": {
                "name": "checkout successful",
                "path": "::checkout successful",
                "id": "7d3ca2e9e4bd709c4f7f05f757dbd43b",
                "passes": 800,
                "fails": 0
            },
            "continue shopping successful": {
                "passes": 800,
                "fails": 0,
                "name": "continue shopping successful",
                "path": "::continue shopping successful",
                "id": "77284ef4e0af6ed5a0438a6b71837f15"
            }
        },
        "name": "",
        "path": "",
        "id": "d41d8cd98f00b204e9800998ecf8427e",
        "groups": {}
    }
}