{
    "metrics": {
        "request_size_bytes": {
            "max": 0,
            "p(90)": 0,
            "p(95)": 0,
            "avg": 0,
            "min": 0,
            "med": 0
        },
        "iterations": {
            "count": 400,
            "rate": 1.4172942420829968
        },
        "checks": {
            "passes": 5240,
            "fails": 2,
            "value": 0.9996184662342618
        },
        "http_req_failed": {
            "passes": 2,
            "fails": 6821,
            "thresholds": {
                "rate<0.05": false
            },
            "value": 0.0002931261908251502
        },
        "jwt_renewal_successes": {
            "count": 420,
            "rate": 1.4881589541871467
        },
        "http_reqs": {
            "count": 6823,
            "rate": 24.17549653433072
        },
        "http_req_duration{expected_response:true}": {
            "avg": 117.48972063451119,
            "min": 0.048805,
            "med": 88.971083,
            "max": 1855.609504,
            "p(90)": 295.634856,
            "p(95)": 392.029239
        },
        "http_req_duration": {
            "p(90)": 295.6918134,
            "p(95)": 392.26952919999997,
            "avg": 117.65346519961903,
            "min": 0.048805,
            "med": 88.977913,
            "max": 1855.609504,
            "thresholds": {
                "p(95)<2000": false
            }
        },
        "http_req_connecting": {
            "min": 0,
            "med": 0,
            "max": 41.974489,
            "p(90)": 0,
            "p(95)": 0.09018919999999993,
            "avg": 0.014750978748351169
        },
        "vus": {
            "value": 400,
            "min": 7,
            "max": 400
        },
        "vus_max": {
            "value": 400,
            "min": 400,
            "max": 400
        },
        "http_req_waiting": {
            "p(90)": 294.7392202,
            "p(95)": 390.10753869999996,
            "avg": 115.89853511124188,
            "min": 0,
            "med": 88.453254,
            "max": 1855.448816
        },
        "http_req_sending": {
            "min": 0.002237,
            "med": 0.019605,
            "max": 10.074517,
            "p(90)": 0.0428286,
            "p(95)": 0.05420089999999999,
            "avg": 0.025558639161659076
        },
        "jwt_renewals": {
            "count": 1220,
            "rate": 4.32274743835314
        },
        "http_req_blocked": {
            "med": 0.003605,
            "max": 42.034499,
            "p(90)": 0.005957400000000001,
            "p(95)": 0.1422966,
            "avg": 0.023872567638868514,
            "min": 0.000271
        },
        "iteration_duration": {
            "p(95)": 137976.39847875,
            "avg": 137166.73592729753,
            "min": 136293.427944,
            "med": 137087.9481635,
            "max": 138995.527796,
            "p(90)": 137762.7951743
        },
        "data_received": {
            "rate": 252003.42355104495,
            "count": 71122401
        },
        "data_sent": {
            "count": 10730384,
            "rate": 38020.278646348794
        },
        "http_req_receiving": {
            "min": 0.009298,
            "med": 0.085024,
            "max": 100.555475,
            "p(90)": 0.38085640000000004,
            "p(95)": 0.8240192999999981,
            "avg": 1.7293714492158876
        },
        "http_req_tls_handshaking": {
            "avg": 0,
            "min": 0,
            "med": 0,
            "max": 0,
            "p(90)": 0,
            "p(95)": 0
        },
        "cart_operations": {
            "count": 2002,
            "rate": 7.093557681625399
        },
        "response_size_bytes": {
            "avg": 10493,
            "min": 10493,
            "med": 10493,
            "max": 10493,
            "p(90)": 10493,
            "p(95)": 10493
        }
    },
    "root_group": {
        "name": "",
        "path": "",
        "id": "d41d8cd98f00b204e9800998ecf8427e",
        "groups": {},
        "checks": {
                "initial visit successful": {
                    "name": "initial visit successful",
                    "path": "::initial visit successful",
                    "id": "aae5b334abe256117335360ddc91be63",
                    "passes": 800,
                    "fails": 0
                },
                "add item 1 successful": {
                    "id": "e82c5caecf714d1fe41058fb6812d665",
                    "passes": 799,
                    "fails": 1,
                    "name": "add item 1 successful",
                    "path": "::add item 1 successful"
                },
                "add item 2 successful": {
                    "name": "add item 2 successful",
                    "path": "::add item 2 successful",
                    "id": "3e4273f8f17ba64f58dd4f63c24cfe47",
                    "passes": 800,
                    "fails": 0
                },
                "view cart successful": {
                    "fails": 0,
                    "name": "view cart successful",
                    "path": "::view cart successful",
                    "id": "28ed33ec7e41187c0f7ef5afeb9326e5",
                    "passes": 800
                },
                "return to shopping successful": {
                    "name": "return to shopping successful",
                    "path": "::return to shopping successful",
                    "id": "e99bf39f1fd66e6fe4fa09ea346cfe76",
                    "passes": 419,
                    "fails": 1
                },
                "JWT renewed with different token": {
                    "name": "JWT renewed with different token",
                    "path": "::JWT renewed with different token",
                    "id": "a0c7cb22e62bb19ce8f14e258ce44fe9",
                    "passes": 420,
                    "fails": 0
                },
                "add item 3 with new JWT successful": {
                    "name": "add item 3 with new JWT successful",
                    "path": "::add item 3 with new JWT successful",
                    "id": "04193f6c4337cc9baa8ba7804cae8cd1",
                    "passes": 402,
                    "fails": 0
                },
                "checkout successful": {
                    "name": "checkout successful",
                    "path": "::checkout successful",
                    "id": "7d3ca2e9e4bd709c4f7f05f757dbd43b",
                    "passes": 400,
                    "fails": 0
                },
                "continue shopping successful": {
                    "id": "77284ef4e0af6ed5a0438a6b71837f15",
                    "passes": 400,
                    "fails": 0,
                    "name": "continue shopping successful",
                    "path": "::continue shopping successful"
                }
            }
    }
}